{"IcoMoonType":"selection","icons":[{"icon":{"paths":["M438.857 585.143v219.429c0 40-33.143 73.143-73.143 73.143h-292.571c-40 0-73.143-33.143-73.143-73.143v-219.429c0-40 33.143-73.143 73.143-73.143h292.571c40 0 73.143 33.143 73.143 73.143zM438.857 146.286v219.429c0 40-33.143 73.143-73.143 73.143h-292.571c-40 0-73.143-33.143-73.143-73.143v-219.429c0-40 33.143-73.143 73.143-73.143h292.571c40 0 73.143 33.143 73.143 73.143zM950.857 585.143v219.429c0 40-33.143 73.143-73.143 73.143h-292.571c-40 0-73.143-33.143-73.143-73.143v-219.429c0-40 33.143-73.143 73.143-73.143h292.571c40 0 73.143 33.143 73.143 73.143zM950.857 146.286v219.429c0 40-33.143 73.143-73.143 73.143h-292.571c-40 0-73.143-33.143-73.143-73.143v-219.429c0-40 33.143-73.143 73.143-73.143h292.571c40 0 73.143 33.143 73.143 73.143z"],"width":950.8571428571428,"attrs":[],"isMulticolor":false,"isMulticolor2":false,"tags":["th-large"],"defaultCode":61449,"grid":14},"attrs":[],"properties":{"name":"th-large","id":13,"order":28,"prevSize":28,"code":61449},"setIdx":0,"setId":23,"iconIdx":13},{"icon":{"paths":["M804.571 566.857v274.286c0 20-16.571 36.571-36.571 36.571h-219.429v-219.429h-146.286v219.429h-219.429c-20 0-36.571-16.571-36.571-36.571v-274.286c0-1.143 0.571-2.286 0.571-3.429l328.571-270.857 328.571 270.857c0.571 1.143 0.571 2.286 0.571 3.429zM932 527.429l-35.429 42.286c-2.857 3.429-7.429 5.714-12 6.286h-1.714c-4.571 0-8.571-1.143-12-4l-395.429-329.714-395.429 329.714c-4 2.857-8.571 4.571-13.714 4-4.571-0.571-9.143-2.857-12-6.286l-35.429-42.286c-6.286-7.429-5.143-19.429 2.286-25.714l410.857-342.286c24-20 62.857-20 86.857 0l139.429 116.571v-111.429c0-10.286 8-18.286 18.286-18.286h109.714c10.286 0 18.286 8 18.286 18.286v233.143l125.143 104c7.429 6.286 8.571 18.286 2.286 25.714z"],"width":950.8571428571428,"attrs":[],"isMulticolor":false,"isMulticolor2":false,"tags":["home"],"defaultCode":61461,"grid":14},"attrs":[],"properties":{"name":"home","id":24,"order":24,"prevSize":28,"code":61461},"setIdx":0,"setId":23,"iconIdx":24},{"icon":{"paths":["M665.143 73.143c8.571 0 17.143 1.714 25.143 5.143 25.143 9.714 41.143 33.143 41.143 58.857v736.571c0 25.714-16 49.143-41.143 58.857-8 3.429-16.571 4.571-25.143 4.571-17.714 0-34.286-6.286-47.429-18.286l-252-242.286-252 242.286c-13.143 12-29.714 18.857-47.429 18.857-8.571 0-17.143-1.714-25.143-5.143-25.143-9.714-41.143-33.143-41.143-58.857v-736.571c0-25.714 16-49.143 41.143-58.857 8-3.429 16.571-5.143 25.143-5.143h598.857z"],"width":731.4285714285713,"attrs":[],"isMulticolor":false,"isMulticolor2":false,"tags":["bookmark"],"defaultCode":61486,"grid":14},"attrs":[],"properties":{"name":"bookmark","id":47,"order":32,"prevSize":28,"code":61486},"setIdx":0,"setId":23,"iconIdx":47},{"icon":{"paths":["M585.143 786.286v-91.429c0-10.286-8-18.286-18.286-18.286h-54.857v-292.571c0-10.286-8-18.286-18.286-18.286h-182.857c-10.286 0-18.286 8-18.286 18.286v91.429c0 10.286 8 18.286 18.286 18.286h54.857v182.857h-54.857c-10.286 0-18.286 8-18.286 18.286v91.429c0 10.286 8 18.286 18.286 18.286h256c10.286 0 18.286-8 18.286-18.286zM512 274.286v-91.429c0-10.286-8-18.286-18.286-18.286h-109.714c-10.286 0-18.286 8-18.286 18.286v91.429c0 10.286 8 18.286 18.286 18.286h109.714c10.286 0 18.286-8 18.286-18.286zM877.714 512c0 242.286-196.571 438.857-438.857 438.857s-438.857-196.571-438.857-438.857 196.571-438.857 438.857-438.857 438.857 196.571 438.857 438.857z"],"width":877.7142857142857,"attrs":[],"isMulticolor":false,"isMulticolor2":false,"tags":["info-circle"],"defaultCode":61530,"grid":14},"attrs":[],"properties":{"name":"info-circle","id":89,"order":25,"prevSize":28,"code":61530},"setIdx":0,"setId":23,"iconIdx":89},{"icon":{"paths":["M961.714 760.571l-94.857 94.286c-14.286 14.286-37.143 14.286-51.429 0l-303.429-303.429-303.429 303.429c-14.286 14.286-37.143 14.286-51.429 0l-94.857-94.286c-14.286-14.286-14.286-37.714 0-52l424-423.429c14.286-14.286 37.143-14.286 51.429 0l424 423.429c14.286 14.286 14.286 37.714 0 52z"],"width":1024,"attrs":[],"isMulticolor":false,"isMulticolor2":false,"tags":["chevron-up"],"defaultCode":61559,"grid":14},"attrs":[],"properties":{"name":"chevron-up","id":113,"order":26,"prevSize":28,"code":61559},"setIdx":0,"setId":23,"iconIdx":113},{"icon":{"paths":["M731.429 681.714c0-2.857 0-6.286-1.143-9.143-3.429-10.286-86.857-52.571-102.857-61.714-10.857-6.286-24-18.857-37.143-18.857-25.143 0-62.286 74.857-84.571 74.857-11.429 0-25.714-10.286-36-16-75.429-42.286-127.429-94.286-169.714-169.714-5.714-10.286-16-24.571-16-36 0-22.286 74.857-59.429 74.857-84.571 0-13.143-12.571-26.286-18.857-37.143-9.143-16-51.429-99.429-61.714-102.857-2.857-1.143-6.286-1.143-9.143-1.143-14.857 0-44 6.857-57.714 12.571-37.714 17.143-65.143 89.143-65.143 128.571 0 38.286 15.429 73.143 28.571 108.571 45.714 125.143 181.714 261.143 306.857 306.857 35.429 13.143 70.286 28.571 108.571 28.571 39.429 0 111.429-27.429 128.571-65.143 5.714-13.714 12.571-42.857 12.571-57.714zM877.714 237.714v548.571c0 90.857-73.714 164.571-164.571 164.571h-548.571c-90.857 0-164.571-73.714-164.571-164.571v-548.571c0-90.857 73.714-164.571 164.571-164.571h548.571c90.857 0 164.571 73.714 164.571 164.571z"],"width":877.7142857142857,"attrs":[],"isMulticolor":false,"isMulticolor2":false,"tags":["phone-square"],"defaultCode":61592,"grid":14},"attrs":[],"properties":{"name":"phone-square","id":144,"order":20,"prevSize":28,"code":61592},"setIdx":0,"setId":23,"iconIdx":144},{"icon":{"paths":["M877.714 768v73.143c0 20-16.571 36.571-36.571 36.571h-804.571c-20 0-36.571-16.571-36.571-36.571v-73.143c0-20 16.571-36.571 36.571-36.571h804.571c20 0 36.571 16.571 36.571 36.571zM877.714 475.429v73.143c0 20-16.571 36.571-36.571 36.571h-804.571c-20 0-36.571-16.571-36.571-36.571v-73.143c0-20 16.571-36.571 36.571-36.571h804.571c20 0 36.571 16.571 36.571 36.571zM877.714 182.857v73.143c0 20-16.571 36.571-36.571 36.571h-804.571c-20 0-36.571-16.571-36.571-36.571v-73.143c0-20 16.571-36.571 36.571-36.571h804.571c20 0 36.571 16.571 36.571 36.571z"],"width":877.7142857142857,"attrs":[],"isMulticolor":false,"isMulticolor2":false,"tags":["bars","navicon","reorder"],"defaultCode":61641,"grid":14},"attrs":[],"properties":{"name":"bars, navicon, reorder","id":178,"order":27,"prevSize":28,"code":61641},"setIdx":0,"setId":23,"iconIdx":178},{"icon":{"paths":["M614.286 420.571c0 4.571-2.286 9.714-5.714 13.143l-266.286 266.286c-3.429 3.429-8.571 5.714-13.143 5.714s-9.714-2.286-13.143-5.714l-266.286-266.286c-3.429-3.429-5.714-8.571-5.714-13.143s2.286-9.714 5.714-13.143l28.571-28.571c3.429-3.429 8-5.714 13.143-5.714 4.571 0 9.714 2.286 13.143 5.714l224.571 224.571 224.571-224.571c3.429-3.429 8.571-5.714 13.143-5.714s9.714 2.286 13.143 5.714l28.571 28.571c3.429 3.429 5.714 8.571 5.714 13.143z"],"width":658.2857142857142,"attrs":[],"isMulticolor":false,"isMulticolor2":false,"tags":["angle-down"],"defaultCode":61703,"grid":14},"attrs":[],"properties":{"name":"angle-down","id":236,"order":30,"prevSize":28,"code":61703},"setIdx":0,"setId":23,"iconIdx":236},{"icon":{"paths":["M838.857 272c5.714 5.714 10.857 12.571 16 20.571h-269.714v-269.714c8 5.143 14.857 10.286 20.571 16zM566.857 365.714h310.857v603.429c0 30.286-24.571 54.857-54.857 54.857h-768c-30.286 0-54.857-24.571-54.857-54.857v-914.286c0-30.286 24.571-54.857 54.857-54.857h457.143v310.857c0 30.286 24.571 54.857 54.857 54.857zM658.286 786.286v-36.571c0-10.286-8-18.286-18.286-18.286h-402.286c-10.286 0-18.286 8-18.286 18.286v36.571c0 10.286 8 18.286 18.286 18.286h402.286c10.286 0 18.286-8 18.286-18.286zM658.286 640v-36.571c0-10.286-8-18.286-18.286-18.286h-402.286c-10.286 0-18.286 8-18.286 18.286v36.571c0 10.286 8 18.286 18.286 18.286h402.286c10.286 0 18.286-8 18.286-18.286zM658.286 493.714v-36.571c0-10.286-8-18.286-18.286-18.286h-402.286c-10.286 0-18.286 8-18.286 18.286v36.571c0 10.286 8 18.286 18.286 18.286h402.286c10.286 0 18.286-8 18.286-18.286z"],"width":877.7142857142857,"attrs":[],"isMulticolor":false,"isMulticolor2":false,"tags":["file-text"],"defaultCode":61788,"grid":14},"attrs":[],